{
  "configVersion": 1,
  "timestamp": 1561150069277,
  "index": "/index.html",
  "assetGroups": [
    {
      "name": "app",
      "installMode": "prefetch",
      "updateMode": "prefetch",
      "urls": [
        "/favicon.ico",
        "/index.html",
        "/main-es2015.a1f6001a5c2b2a1d8b71.js",
        "/main-es5.085ff2e59207e2bba6b7.js",
        "/polyfills-es2015.81248e54629f81f7ef55.js",
        "/polyfills-es5.7576a8db150263d81f8a.js",
        "/runtime-es2015.858f8dd898b75fe86926.js",
        "/runtime-es5.741402d1d47331ce975c.js",
        "/styles.2350a96f76912ba0b94b.css"
      ],
      "patterns": []
    },
    {
      "name": "assets",
      "installMode": "lazy",
      "updateMode": "prefetch",
      "urls": [
        "/assets/fonts/averta-bold.woff2",
        "/assets/fonts/averta-regular.woff2",
        "/assets/i18n/en.json",
        "/assets/icons/balls-3.svg",
        "/assets/icons/balls-5.svg",
        "/assets/icons/icon-128x128.png",
        "/assets/icons/icon-144x144.png",
        "/assets/icons/icon-152x152.png",
        "/assets/icons/icon-192x192.png",
        "/assets/icons/icon-384x384.png",
        "/assets/icons/icon-512x512.png",
        "/assets/icons/icon-72x72.png",
        "/assets/icons/icon-96x96.png"
      ],
      "patterns": []
    }
  ],
  "dataGroups": [],
  "hashTable": {
    "/assets/fonts/averta-bold.woff2": "2e341d254646573530f5ddb75711a3d88bed1250",
    "/assets/fonts/averta-regular.woff2": "01e5bcc93a7fcf0ef8c3aee42806906d31fdadc8",
    "/assets/i18n/en.json": "7be9d6f6b48e998b90300480462e84db4036a7ab",
    "/assets/icons/balls-3.svg": "0e05d89b3de4686257b875b8b6b85f53352d5442",
    "/assets/icons/balls-5.svg": "65b5bf15fb3887179f973f9daac421af6aa6ad88",
    "/assets/icons/icon-128x128.png": "dae3b6ed49bdaf4327b92531d4b5b4a5d30c7532",
    "/assets/icons/icon-144x144.png": "b0bd89982e08f9bd2b642928f5391915b74799a7",
    "/assets/icons/icon-152x152.png": "7479a9477815dfd9668d60f8b3b2fba709b91310",
    "/assets/icons/icon-192x192.png": "1abd80d431a237a853ce38147d8c63752f10933b",
    "/assets/icons/icon-384x384.png": "329749cd6393768d3131ed6304c136b1ca05f2fd",
    "/assets/icons/icon-512x512.png": "559d9c4318b45a1f2b10596bbb4c960fe521dbcc",
    "/assets/icons/icon-72x72.png": "c457e56089a36952cd67156f9996bc4ce54a5ed9",
    "/assets/icons/icon-96x96.png": "3914125a4b445bf111c5627875fc190f560daa41",
    "/favicon.ico": "84161b857f5c547e3699ddfbffc6d8d737542e01",
    "/index.html": "8a88517cf23ed5f86fee2e4fd4e177ceba939f68",
    "/main-es2015.a1f6001a5c2b2a1d8b71.js": "71f0e393779ff65d75070769711cb0420563c5f5",
    "/main-es5.085ff2e59207e2bba6b7.js": "fcea55aad7b02b3ab0d715794dd9bcb07eb9c93c",
    "/polyfills-es2015.81248e54629f81f7ef55.js": "77f974dd2b186031cfc4f4526d96db4efcd39353",
    "/polyfills-es5.7576a8db150263d81f8a.js": "589b38f3973ebdf4aa99760757da7b3a939dbb54",
    "/runtime-es2015.858f8dd898b75fe86926.js": "b62956c2192bfe5516d6374e753773901ed50ec5",
    "/runtime-es5.741402d1d47331ce975c.js": "b62956c2192bfe5516d6374e753773901ed50ec5",
    "/styles.2350a96f76912ba0b94b.css": "af0fa362ba4b42e6749596f900c3c2be9b6d32d1"
  },
  "navigationUrls": [
    {
      "positive": true,
      "regex": "^\\/.*$"
    },
    {
      "positive": false,
      "regex": "^\\/(?:.+\\/)?[^/]*\\.[^/]*$"
    },
    {
      "positive": false,
      "regex": "^\\/(?:.+\\/)?[^/]*__[^/]*$"
    },
    {
      "positive": false,
      "regex": "^\\/(?:.+\\/)?[^/]*__[^/]*\\/.*$"
    }
  ]
}